{
    "images":[],
    "materials":[],
    "metadata":{
        "version":4.4,
        "generator":"io_three",
        "type":"Object",
        "sourceFile":"arm.blend"
    },
    "geometries":[{
        "data":{
            "vertices":[1,-1,-1,1,-1,1,-1,-1,1,-1,-1,-1,1,1,-0.999999,1,1,1,-1,1,1,-1,1,-1,1,-0.511811,-1,1,-0.511811,1,-1,-0.511811,1,-1,-0.511811,-1,1,0.228346,-1,1,0.228346,1,-1,0.228346,1,-1,0.228346,-1],
            "faces":[35,0,1,2,3,0,0,0,0,0,35,4,7,6,5,0,1,1,1,1,35,12,4,5,13,0,2,2,2,2,35,13,5,6,14,0,3,3,3,3,35,14,6,7,15,0,4,4,4,4,35,8,0,3,11,0,5,5,5,5,35,12,8,11,15,0,6,6,6,6,35,2,10,11,3,0,7,7,7,7,35,1,9,10,2,0,8,8,8,8,35,0,8,9,1,0,9,9,9,9,35,4,12,15,7,0,10,10,10,10,35,10,14,15,11,0,11,11,11,11,35,9,13,14,10,0,12,12,12,12,35,8,12,13,9,0,13,13,13,13],
            "uvs":[],
            "bones":[{
                "rotq":[0,0,0,1],
                "pos":[-0.0394828,0.100991,0.0157242],
                "name":"Bone",
                "parent":-1
            },{
                "rotq":[0,0,0,1],
                "pos":[1.00002,2.1152,0.0157242],
                "name":"Bone.001",
                "parent":0
            },{
                "rotq":[0,0,0,1],
                "pos":[1.08318,3.13714,0.0471726],
                "name":"Bone.002",
                "parent":1
            }],
            "normals":[0,-1,-0,0,1,0,1,-1.93107e-07,4.32134e-07,-3.72529e-07,-1.15864e-07,1,-1,1.84161e-14,-1.19209e-07,2.68221e-07,1.22093e-07,-1,2.68221e-07,2.41589e-07,-1,-1,0,-1.19209e-07,-1.04308e-07,-6.10467e-08,1,1,3.05233e-07,7.45058e-08,2.38419e-07,3.08971e-07,-1,-1,9.59989e-15,-1.19209e-07,-2.08616e-07,-8.05297e-08,1,1,-2.41589e-07,2.38419e-07],
            "skinWeights":[0.851019,0.139651,0.898761,0.0950782,0.744924,0.226318,0.732378,0.237724,0.99695,0,0.996265,0,0.985717,0,0.987204,0,0.893259,0.0605143,0.895777,0.0601644,0.770642,0.125371,0.770849,0.124479,0.959669,0.0245462,0.964568,0.015517,0.911192,0.0768743,0.909704,0.0782539],
            "skinIndices":[0,1,0,1,0,1,0,1,2,0,2,0,2,0,2,0,1,0,1,0,1,0,1,0,2,1,2,1,2,1,2,1],
            "influencesPerVertex":2
        },
        "uuid":"0BF4EDA1-431B-4FF6-8DD5-132DB9081AD2",
        "type":"Geometry",
        "name":"CubeGeometry",
        "materials":[{
            "DbgColor":15658734,
            "depthWrite":true,
            "visible":true,
            "wireframe":false,
            "transparent":false,
            "doubleSided":false,
            "opacity":1,
            "colorEmissive":[0,0,0],
            "shading":"phong",
            "colorDiffuse":[0.64,0.64,0.64],
            "DbgIndex":0,
            "depthTest":true,
            "DbgName":"Material",
            "blending":"NormalBlending",
            "specularCoef":50,
            "colorSpecular":[0.5,0.5,0.5]
        }]
    }],
    "textures":[],
    "object":{
        "matrix":[1,0,0,0,0,1,0,0,0,0,1,0,0,0,0,1],
        "uuid":"56846C70-2D5F-4275-83C4-6F8957F7E0A3",
        "type":"Scene",
        "children":[{
            "name":"Cube",
            "uuid":"6EB2611F-07E4-41C3-B3A8-67BCDC4FDDC0",
            "matrix":[-1,0,0,0,0,0,1,0,0,4.02311,0,0,-9.07782e-16,4.08829,2.01568e-31,1],
            "visible":true,
            "type":"Mesh",
            "castShadow":true,
            "receiveShadow":true,
            "geometry":"0BF4EDA1-431B-4FF6-8DD5-132DB9081AD2"
        }]
    },
    "animations":[{
        "fps":24,
        "name":"default",
        "tracks":[]
    }]
}